ps,i_averages
0.1,2924.71
0.116,2924.88
0.132,2912.69
0.14800000000000002,2909.37
0.164,2913.06
0.18,2900.45
0.196,2905.02
0.21200000000000002,2910.89
0.228,2912.25
0.24400000000000002,2902.78
0.26,2902.14
0.276,2896.8
0.29200000000000004,2900.6
0.30800000000000005,2894.64
0.324,2903.53
0.33999999999999997,2895.43
0.356,2885.96
0.372,2890.12
0.388,2894.24
0.404,2883.32
0.42000000000000004,2882.89
0.43600000000000005,2879.03
0.45199999999999996,2879.0
0.46799999999999997,2877.18
0.484,2871.23
0.5,2877.69
0.516,2873.06
0.532,2872.78
0.548,2883.28
0.5640000000000001,2874.88
0.58,2869.51
0.596,2855.52
0.612,2866.65
0.628,2865.85
0.644,2855.33
0.66,2847.9
0.676,2861.25
0.692,2843.55
0.708,2857.8
0.724,2853.87
0.74,2847.05
0.756,2843.32
0.772,2851.56
0.788,2834.93
0.8039999999999999,2844.51
0.82,2849.03
0.836,2816.66
0.852,2844.96
0.868,2835.3
0.884,2825.0
