i_counts,sus_b_counts
0.03275,0.57425
0.04325,0.5865
0.05225,0.59475
0.064,0.60025
0.07875,0.5965
0.09475,0.60375
0.117,0.61375
0.1455,0.59625
0.17525,0.57425
0.20675,0.595
0.24325,0.585
0.2795,0.56375
0.308,0.551
0.3485,0.52675
0.38625,0.52625
0.41625,0.52175
0.4515,0.50675
0.4865,0.49025
0.51725,0.4645
0.5375,0.4595
0.5605,0.44
0.57625,0.42225
0.593,0.4085
0.60775,0.3915
0.6225,0.374
0.63175,0.33675
0.63575,0.323
0.6435,0.31125
0.651,0.30675
0.655,0.30125
0.65875,0.29375
0.666,0.3035
0.6725,0.296
0.676,0.285
0.68225,0.28675
0.687,0.28775
0.69025,0.273
0.69175,0.258
0.6925,0.23825
0.69175,0.2475
0.69275,0.2455
0.6925,0.24275
0.6955,0.25925
0.70075,0.2555
0.70125,0.24125
0.7015,0.2305
0.7,0.2375
0.70425,0.24025
0.70525,0.24
0.703,0.24025
0.706,0.23225
0.70775,0.2245
0.7035,0.224
0.702,0.232
0.70275,0.2275
0.7025,0.252
0.70375,0.2425
0.70025,0.2425
0.70275,0.23625
0.705,0.25025
0.705,0.2495
0.705,0.2445
0.7035,0.23175
0.701,0.23125
0.70425,0.24125
0.70675,0.24125
0.7085,0.24625
0.7085,0.2355
0.71,0.22625
0.70975,0.2285
0.71175,0.2185
0.71075,0.22175
0.712,0.22775
0.71225,0.23125
0.71375,0.22525
0.718,0.22875
0.71575,0.21075
0.713,0.217
0.7095,0.222
0.709,0.21875
0.70675,0.22425
0.709,0.222
0.7125,0.2265
0.711,0.22475
0.71025,0.225
0.70975,0.227
0.711,0.2275
0.70725,0.23475
0.70975,0.2325
0.709,0.2285
0.70775,0.231
0.7075,0.2315
0.70725,0.2415
0.706,0.22375
0.705,0.22675
0.70275,0.23275
0.70275,0.229
0.7015,0.23125
0.69775,0.22475
0.6955,0.234
