num_step,sus_b_counts,sus_c_counts,i_counts
0,0.553,0.41425,0.03275
1,0.55175,0.40975,0.0385
2,0.54625,0.40675,0.047
3,0.559,0.38475,0.05625
4,0.5265,0.4045,0.069
5,0.5215,0.39725,0.08125
6,0.51475,0.3875,0.09775
7,0.50225,0.382,0.11575
8,0.483,0.3795,0.1375
9,0.479,0.35925,0.16175
10,0.43825,0.37225,0.1895
11,0.4375,0.3365,0.226
12,0.40375,0.3385,0.25775
13,0.3605,0.343,0.2965
14,0.338,0.33,0.332
15,0.317,0.31325,0.36975
16,0.29025,0.30825,0.4015
17,0.26375,0.30125,0.435
18,0.23475,0.29725,0.468
19,0.2225,0.281,0.4965
20,0.1965,0.27575,0.52775
21,0.18825,0.2625,0.54925
22,0.16525,0.26125,0.5735
23,0.14675,0.262,0.59125
24,0.143,0.2505,0.6065
25,0.12825,0.25025,0.6215
26,0.11975,0.24125,0.639
27,0.11625,0.2395,0.64425
28,0.113,0.236,0.651
29,0.11125,0.2305,0.65825
30,0.1065,0.22875,0.66475
31,0.1035,0.22175,0.67475
32,0.09175,0.22675,0.6815
33,0.08825,0.229,0.68275
34,0.0885,0.22625,0.68525
35,0.08525,0.22825,0.6865
36,0.088,0.2245,0.6875
37,0.08825,0.22025,0.6915
38,0.08075,0.225,0.69425
39,0.08275,0.2215,0.69575
40,0.07675,0.222,0.70125
41,0.07475,0.221,0.70425
42,0.07425,0.21575,0.71
43,0.07575,0.20875,0.7155
44,0.06925,0.215,0.71575
45,0.074,0.21,0.716
46,0.07075,0.21175,0.7175
47,0.06775,0.217,0.71525
48,0.06725,0.2165,0.71625
49,0.06425,0.22025,0.7155
50,0.072,0.20925,0.71875
51,0.063,0.21575,0.72125
52,0.06875,0.20575,0.7255
53,0.06475,0.20825,0.727
54,0.0655,0.208,0.7265
55,0.066,0.2085,0.7255
56,0.06675,0.2075,0.72575
57,0.0615,0.2125,0.726
58,0.06575,0.211,0.72325
59,0.06825,0.2055,0.72625
60,0.05625,0.2165,0.72725
61,0.063,0.21075,0.72625
62,0.061,0.21425,0.72475
63,0.06575,0.2075,0.72675
64,0.0605,0.21125,0.72825
65,0.067,0.2045,0.7285
66,0.058,0.214,0.728
67,0.057,0.21575,0.72725
68,0.0545,0.2175,0.728
69,0.05425,0.21625,0.7295
70,0.06125,0.20775,0.731
71,0.05225,0.2145,0.73325
72,0.05375,0.21525,0.731
73,0.05975,0.21075,0.7295
74,0.05325,0.2145,0.73225
75,0.06,0.2085,0.7315
76,0.05825,0.20925,0.7325
77,0.0625,0.20625,0.73125
78,0.06125,0.209,0.72975
79,0.06175,0.21075,0.7275
80,0.06125,0.2105,0.72825
81,0.0635,0.209,0.7275
82,0.065,0.20575,0.72925
83,0.06175,0.20575,0.7325
84,0.05325,0.21375,0.733
85,0.0595,0.2045,0.736
86,0.05575,0.208,0.73625
87,0.05525,0.2075,0.73725
88,0.0605,0.20225,0.73725
89,0.0555,0.20725,0.73725
90,0.05975,0.2075,0.73275
91,0.05425,0.21475,0.731
92,0.05325,0.2115,0.73525
93,0.062,0.20075,0.73725
94,0.05375,0.21,0.73625
95,0.0625,0.204,0.7335
96,0.0575,0.2095,0.733
97,0.0505,0.214,0.7355
98,0.05575,0.20825,0.736
99,0.06,0.20275,0.73725
