alphas,d_averages
0.0,2443.99
0.003,2429.56
0.006,2395.15
0.009000000000000001,2184.72
0.012,1909.16
0.015,1712.28
0.018000000000000002,1547.7
0.021,1445.56
0.024,1355.39
0.027,1326.05
0.03,1256.02
0.033,1228.32
0.036000000000000004,1197.25
0.039,1137.64
0.042,1120.49
0.045,1096.45
0.048,1050.18
0.051000000000000004,1040.63
0.054,1017.79
0.057,1002.49
0.06,978.94
0.063,972.04
0.066,945.14
0.069,929.19
0.07200000000000001,921.65
0.075,890.55
0.078,897.16
0.081,884.21
0.084,868.53
0.08700000000000001,858.28
0.09,848.89
0.093,832.38
0.096,822.73
0.099,805.95
0.10200000000000001,802.19
0.105,808.02
0.108,786.13
0.111,788.16
0.114,782.91
0.117,775.54
0.12,773.91
0.123,759.44
0.126,741.65
0.129,731.92
0.132,731.78
0.135,723.71
0.138,720.69
0.14100000000000001,713.49
0.14400000000000002,713.03
0.147,700.48
0.15,704.88
