alphas,i_averages
0.0,53.88
0.0014,101.65
0.0028,211.6
0.0042,430.8
0.0056,684.32
0.007,990.97
0.0084,1417.88
0.0098,1673.79
0.0112,1980.84
0.0126,2164.64
0.014,2370.94
0.0154,2371.58
0.0168,2529.86
0.0182,2575.46
0.0196,2599.65
0.021,2635.44
0.0224,2666.7
0.023799999999999998,2678.5
0.0252,2722.93
0.0266,2723.01
0.028,2760.51
0.0294,2771.04
0.0308,2790.46
0.0322,2812.43
0.0336,2808.52
0.034999999999999996,2830.64
0.0364,2846.84
0.0378,2841.2
0.0392,2849.96
0.0406,2858.94
0.042,2885.31
0.0434,2903.53
0.0448,2896.94
0.0462,2896.08
0.047599999999999996,2914.14
0.049,2913.16
0.0504,2927.14
0.0518,2936.94
0.0532,2930.96
0.0546,2935.01
0.056,2954.1
0.0574,2939.28
0.0588,2956.98
0.0602,2969.85
0.0616,2961.34
0.063,2970.02
0.0644,2966.05
0.0658,2978.31
0.0672,2973.2
0.0686,2976.2
0.06999999999999999,3000.66
