pi_1s,i_averages
0.15,3526.75
0.16499999999999998,3481.53
0.17999999999999997,3455.44
0.19499999999999995,3420.75
0.20999999999999994,3385.61
0.22499999999999992,3350.92
0.2399999999999999,3305.16
0.2549999999999999,3280.27
0.2699999999999999,3241.35
0.28499999999999986,3220.85
0.2999999999999998,3175.65
0.31499999999999984,3127.36
0.32999999999999985,3097.9
0.3449999999999998,3072.56
0.35999999999999976,3030.8
0.3749999999999998,2994.16
0.3899999999999998,2957.78
0.4049999999999998,2918.31
0.4199999999999997,2873.69
0.4349999999999997,2841.02
0.44999999999999973,2807.1
0.46499999999999975,2780.05
0.47999999999999965,2752.12
0.49499999999999966,2689.41
0.5099999999999997,2670.37
0.5249999999999997,2619.75
0.5399999999999996,2581.9
0.5549999999999996,2539.82
0.5699999999999996,2516.2
0.5849999999999996,2464.46
0.5999999999999995,2426.21
0.6149999999999995,2383.42
0.6299999999999996,2345.41
0.6449999999999996,2300.35
0.6599999999999996,2234.76
0.6749999999999995,2235.33
0.6899999999999995,2165.85
0.7049999999999995,2142.12
0.7199999999999994,2090.21
0.7349999999999994,2067.51
0.7499999999999994,2011.85
0.7649999999999995,1965.55
0.7799999999999995,1952.79
0.7949999999999994,1857.82
0.8099999999999994,1819.9
0.8249999999999994,1784.84
0.8399999999999993,1748.03
0.8549999999999993,1664.81
0.8699999999999993,1614.06
0.8849999999999993,1589.44
