betas,i_averages
0.005,2392.27
0.0052,2364.36
0.005399999999999999,2381.38
0.005599999999999999,2341.48
0.005799999999999999,2329.02
0.005999999999999998,2317.07
0.006199999999999998,2306.08
0.006399999999999998,2307.2
0.006599999999999997,2303.23
0.006799999999999997,2273.83
0.006999999999999997,2293.87
0.007199999999999996,2272.93
0.007399999999999996,2240.23
0.007599999999999996,2245.43
0.007799999999999995,2253.02
0.007999999999999995,2238.83
0.008199999999999995,2221.98
0.008399999999999994,2214.62
0.008599999999999993,2198.8
0.008799999999999994,2176.54
0.008999999999999994,2178.39
0.009199999999999993,2173.26
0.009399999999999992,2179.47
0.009599999999999992,2164.24
0.009799999999999993,2131.68
0.009999999999999992,2129.32
0.01019999999999999,2131.57
0.01039999999999999,2135.61
0.010599999999999991,2097.51
0.01079999999999999,2095.99
0.010999999999999989,2096.05
0.01119999999999999,2099.46
0.01139999999999999,2073.21
0.011599999999999989,2079.35
0.011799999999999988,2052.6
0.011999999999999988,2067.59
0.012199999999999989,2038.39
0.012399999999999987,2044.84
0.012599999999999986,2027.69
0.012799999999999987,2031.0
0.012999999999999987,2034.4
0.013199999999999986,2032.6
0.013399999999999985,2009.29
0.013599999999999987,1997.82
0.013799999999999986,2005.14
0.013999999999999985,2015.29
0.014199999999999983,1991.32
0.014399999999999986,1967.16
0.014599999999999985,1960.24
0.014799999999999983,1959.73
